<?xml version="1.0" encoding="ISO-8859-1"?>
<root>
	<item id="Title"><![CDATA[Discuz! Plugin]]></item>
	<item id="Data">
		<item id="plugin">
			<item id="available"><![CDATA[1]]></item>
			<item id="adminid"><![CDATA[1]]></item>
			<item id="name"><![CDATA[防水墙]]></item>
			<item id="identifier"><![CDATA[security]]></item>
			<item id="description"><![CDATA[]]></item>
			<item id="datatables"><![CDATA[]]></item>
			<item id="directory"><![CDATA[security/]]></item>
			<item id="copyright"><![CDATA[Comsenz Inc.]]></item>
			<item id="version"><![CDATA[1.11.1]]></item>
			<item id="__modules">
				<item id="0">
					<item id="name"><![CDATA[security]]></item>
					<item id="menu"><![CDATA[]]></item>
					<item id="url"><![CDATA[]]></item>
					<item id="type"><![CDATA[28]]></item>
					<item id="adminid"><![CDATA[0]]></item>
					<item id="displayorder"><![CDATA[1]]></item>
					<item id="navtitle"><![CDATA[]]></item>
					<item id="navicon"><![CDATA[]]></item>
					<item id="navsubname"><![CDATA[]]></item>
					<item id="navsuburl"><![CDATA[]]></item>
				</item>
				<item id="1">
					<item id="name"><![CDATA[security]]></item>
					<item id="menu"><![CDATA[]]></item>
					<item id="url"><![CDATA[]]></item>
					<item id="type"><![CDATA[11]]></item>
					<item id="adminid"><![CDATA[0]]></item>
					<item id="displayorder"><![CDATA[2]]></item>
					<item id="navtitle"><![CDATA[]]></item>
					<item id="navicon"><![CDATA[]]></item>
					<item id="navsubname"><![CDATA[]]></item>
					<item id="navsuburl"><![CDATA[]]></item>
				</item>
			</item>
		</item>
		<item id="version"><![CDATA[X3.2]]></item>
		<item id="installfile"><![CDATA[install.php]]></item>
		<item id="upgradefile"><![CDATA[upgrade.php]]></item>
		<item id="enablefile"><![CDATA[switch.php]]></item>
		<item id="disablefile"><![CDATA[switch.php]]></item>
		<item id="language">
			<item id="scriptlang">
				<item id="banuser_tips_qq"><![CDATA[抱歉，您的帐号被系统禁言，您可以绑定QQ解除禁言状态。<a href="connect.php?mod=login&op=init">绑定QQ</a>]]></item>
				<item id="banuser_tips_seccode"><![CDATA[抱歉，您的帐号被系统禁言，您可以点击<a href="#" onclick="showWindow('security','plugin.php?id=security:unlock')">这里</a>解除禁言操作。]]></item>
				<item id="unlock_success"><![CDATA[解禁成功！]]></item>
				<item id="wrongcode"><![CDATA[验证码验证失败，无法解禁。]]></item>
				<item id="title"><![CDATA[防水墙保卫网站远离侵害]]></item>
				<item id="safelogintips"><![CDATA[为避免您的帐号被盗用，请您绑定QQ帐号后发帖，绑定后请使用QQ帐号登录]]></item>
				<item id="qqloginaloneopened"><![CDATA[已开启QQ独立登录设置]]></item>
				<item id="quicklogin"><![CDATA[快捷登录]]></item>
				<item id="notice_title"><![CDATA[防水墙提醒您]]></item>
				<item id="notice_memo"><![CDATA[昨日防水墙识别 {count} 个违规用户，请马上处理</p>]]></item>
				<item id="notice_close"><![CDATA[关闭]]></item>
				<item id="notice_link"><![CDATA[点击进入防水墙]]></item>
			</item>
			<item id="templatelang">
				<item id="unlock_title"><![CDATA[请输入验证码，解除禁言状态]]></item>
				<item id="unlock"><![CDATA[解禁]]></item>
			</item>
			<item id="installlang">
				<item id="cron"><![CDATA[防水墙每日计划任务]]></item>
			</item>
		</item>
	</item>
</root>
