<?xml version="1.0" encoding="ISO-8859-1"?>
<root>
	<item id="Title"><![CDATA[Discuz! Plugin]]></item>
	<item id="Data">
		<item id="plugin">
			<item id="available"><![CDATA[1]]></item>
			<item id="adminid"><![CDATA[1]]></item>
			<item id="name"><![CDATA[纵横搜索]]></item>
			<item id="identifier"><![CDATA[cloudsearch]]></item>
			<item id="description"><![CDATA[]]></item>
			<item id="datatables"><![CDATA[]]></item>
			<item id="directory"><![CDATA[cloudsearch/]]></item>
			<item id="copyright"><![CDATA[Comsenz Inc.]]></item>
			<item id="version"><![CDATA[1.07.1]]></item>
			<item id="__modules">
				<item id="0">
					<item id="name"><![CDATA[search]]></item>
					<item id="param"><![CDATA[]]></item>
					<item id="menu"><![CDATA[]]></item>
					<item id="url"><![CDATA[]]></item>
					<item id="type"><![CDATA[11]]></item>
					<item id="adminid"><![CDATA[0]]></item>
					<item id="displayorder"><![CDATA[0]]></item>
					<item id="navtitle"><![CDATA[]]></item>
					<item id="navicon"><![CDATA[]]></item>
					<item id="navsubname"><![CDATA[]]></item>
					<item id="navsuburl"><![CDATA[]]></item>
				</item>
				<item id="1">
					<item id="name"><![CDATA[search_wap]]></item>
					<item id="param"><![CDATA[]]></item>
					<item id="menu"><![CDATA[]]></item>
					<item id="url"><![CDATA[]]></item>
					<item id="type"><![CDATA[28]]></item>
					<item id="adminid"><![CDATA[0]]></item>
					<item id="displayorder"><![CDATA[0]]></item>
					<item id="navtitle"><![CDATA[]]></item>
					<item id="navicon"><![CDATA[]]></item>
					<item id="navsubname"><![CDATA[]]></item>
					<item id="navsuburl"><![CDATA[]]></item>
				</item>
				<item id="2">
					<item id="name"><![CDATA[admincp]]></item>
					<item id="param"><![CDATA[ac=setting]]></item>
					<item id="menu"><![CDATA[基本设置]]></item>
					<item id="url"><![CDATA[]]></item>
					<item id="type"><![CDATA[3]]></item>
					<item id="adminid"><![CDATA[0]]></item>
					<item id="displayorder"><![CDATA[0]]></item>
					<item id="navtitle"><![CDATA[]]></item>
					<item id="navicon"><![CDATA[]]></item>
					<item id="navsubname"><![CDATA[]]></item>
					<item id="navsuburl"><![CDATA[]]></item>
				</item>
				<item id="3">
					<item id="name"><![CDATA[admincp]]></item>
					<item id="param"><![CDATA[ac=iwenwen]]></item>
					<item id="menu"><![CDATA[Iwenwen]]></item>
					<item id="url"><![CDATA[]]></item>
					<item id="type"><![CDATA[3]]></item>
					<item id="adminid"><![CDATA[0]]></item>
					<item id="displayorder"><![CDATA[1]]></item>
					<item id="navtitle"><![CDATA[]]></item>
					<item id="navicon"><![CDATA[]]></item>
					<item id="navsubname"><![CDATA[]]></item>
					<item id="navsuburl"><![CDATA[]]></item>
				</item>
			</item>
		</item>
		<item id="version"><![CDATA[X3.2]]></item>
		<item id="language">
			<item id="templatelang">
				<item id="hottopic"><![CDATA[热门话题]]></item>
				<item id="realtedthread"><![CDATA[搜索相关主题]]></item>
				<item id="forum"><![CDATA[版块]]></item>
				<item id="addtocollection"><![CDATA[添加到淘专辑]]></item>
				<item id="no_content"><![CDATA[暂时还没有内容]]></item>
				<item id="viewmore"><![CDATA[查看更多]]></item>
				<item id="relate"><![CDATA[相关主题]]></item>
				<item id="orderby"><![CDATA[筛选]]></item>
				<item id="order_default"><![CDATA[相关度]]></item>
				<item id="order_posted"><![CDATA[发帖时间]]></item>
				<item id="thread_class"><![CDATA[主题分类]]></item>
				<item id="loading"><![CDATA[正在加载……]]></item>
				<item id="forumhottopic"><![CDATA[热点]]></item>
				<item id="current"><![CDATA[本版]]></item>
			</item>
		</item>
		<item id="installfile"><![CDATA[install.php]]></item>
		<item id="upgradefile"><![CDATA[upgrade.php]]></item>
		<item id="enablefile"><![CDATA[switch.php]]></item>
		<item id="disablefile"><![CDATA[switch.php]]></item>
	</item>
</root>
