<?xml version="1.0" encoding="ISO-8859-1"?>
<root>
	<item id="Title"><![CDATA[Discuz! Plugin]]></item>
	<item id="Version"><![CDATA[X2.5,X3,X3.1,X3.2]]></item>
	<item id="Time"><![CDATA[2013-11-29 06:37]]></item>
	<item id="From"><![CDATA[扬州生活网 (http://www.0514.com/)]]></item>
	<item id="Data">
		<item id="plugin">
			<item id="available"><![CDATA[1]]></item>
			<item id="adminid"><![CDATA[1]]></item>
			<item id="name"><![CDATA[好贷站长联盟]]></item>
			<item id="identifier"><![CDATA[dzapp_haodai]]></item>
			<item id="description"><![CDATA[]]></item>
			<item id="datatables"><![CDATA[]]></item>
			<item id="directory"><![CDATA[dzapp_haodai/]]></item>
			<item id="copyright"><![CDATA[BranchZero @ DzAPP]]></item>
			<item id="version"><![CDATA[2.0.8]]></item>
			<item id="__modules">
				<item id="0">
					<item id="name"><![CDATA[admincp_callback]]></item>
					<item id="menu"><![CDATA[接口信息]]></item>
					<item id="url"><![CDATA[]]></item>
					<item id="type"><![CDATA[3]]></item>
					<item id="adminid"><![CDATA[0]]></item>
					<item id="displayorder"><![CDATA[0]]></item>
					<item id="navtitle"><![CDATA[]]></item>
					<item id="navicon"><![CDATA[]]></item>
					<item id="navsubname"><![CDATA[]]></item>
					<item id="navsuburl"><![CDATA[]]></item>
				</item>
				<item id="1">
					<item id="name"><![CDATA[dzapp_haodai]]></item>
					<item id="menu"><![CDATA[贷款]]></item>
					<item id="url"><![CDATA[]]></item>
					<item id="type"><![CDATA[1]]></item>
					<item id="adminid"><![CDATA[0]]></item>
					<item id="displayorder"><![CDATA[0]]></item>
					<item id="navtitle"><![CDATA[]]></item>
					<item id="navicon"><![CDATA[]]></item>
					<item id="navsubname"><![CDATA[]]></item>
					<item id="navsuburl"><![CDATA[]]></item>
				</item>
				<item id="2">
					<item id="name"><![CDATA[haodai]]></item>
					<item id="menu"><![CDATA[]]></item>
					<item id="url"><![CDATA[]]></item>
					<item id="type"><![CDATA[11]]></item>
					<item id="adminid"><![CDATA[0]]></item>
					<item id="displayorder"><![CDATA[0]]></item>
					<item id="navtitle"><![CDATA[]]></item>
					<item id="navicon"><![CDATA[]]></item>
					<item id="navsubname"><![CDATA[]]></item>
					<item id="navsuburl"><![CDATA[]]></item>
				</item>
				<item id="3">
					<item id="name"><![CDATA[admincp_seo]]></item>
					<item id="menu"><![CDATA[SEO设置]]></item>
					<item id="url"><![CDATA[]]></item>
					<item id="type"><![CDATA[3]]></item>
					<item id="adminid"><![CDATA[0]]></item>
					<item id="displayorder"><![CDATA[1]]></item>
					<item id="navtitle"><![CDATA[]]></item>
					<item id="navicon"><![CDATA[]]></item>
					<item id="navsubname"><![CDATA[]]></item>
					<item id="navsuburl"><![CDATA[]]></item>
				</item>
				<item id="4">
					<item id="name"><![CDATA[admincp_city]]></item>
					<item id="menu"><![CDATA[默认城市选择]]></item>
					<item id="url"><![CDATA[]]></item>
					<item id="type"><![CDATA[3]]></item>
					<item id="adminid"><![CDATA[0]]></item>
					<item id="displayorder"><![CDATA[2]]></item>
					<item id="navtitle"><![CDATA[]]></item>
					<item id="navicon"><![CDATA[]]></item>
					<item id="navsubname"><![CDATA[]]></item>
					<item id="navsuburl"><![CDATA[]]></item>
				</item>
				<item id="5">
					<item id="name"><![CDATA[admincp_stat]]></item>
					<item id="menu"><![CDATA[数据统计]]></item>
					<item id="url"><![CDATA[]]></item>
					<item id="type"><![CDATA[3]]></item>
					<item id="adminid"><![CDATA[0]]></item>
					<item id="displayorder"><![CDATA[3]]></item>
					<item id="navtitle"><![CDATA[]]></item>
					<item id="navicon"><![CDATA[]]></item>
					<item id="navsubname"><![CDATA[]]></item>
					<item id="navsuburl"><![CDATA[]]></item>
				</item>
				<item id="6">
					<item id="name"><![CDATA[admincp_rewrite]]></item>
					<item id="menu"><![CDATA[伪静态语句]]></item>
					<item id="url"><![CDATA[]]></item>
					<item id="type"><![CDATA[3]]></item>
					<item id="adminid"><![CDATA[0]]></item>
					<item id="displayorder"><![CDATA[4]]></item>
					<item id="navtitle"><![CDATA[]]></item>
					<item id="navicon"><![CDATA[]]></item>
					<item id="navsubname"><![CDATA[]]></item>
					<item id="navsuburl"><![CDATA[]]></item>
				</item>
			</item>
		</item>
		<item id="version"><![CDATA[X2.5,X3,X3.1,X3.2]]></item>
		<item id="var">
			<item id="0">
				<item id="displayorder"><![CDATA[0]]></item>
				<item id="title"><![CDATA[新闻缓存时间]]></item>
				<item id="description"><![CDATA[单位:秒]]></item>
				<item id="variable"><![CDATA[refreshtime]]></item>
				<item id="type"><![CDATA[number]]></item>
				<item id="value"><![CDATA[3600]]></item>
				<item id="extra"><![CDATA[]]></item>
			</item>
			<item id="1">
				<item id="displayorder"><![CDATA[1]]></item>
				<item id="title"><![CDATA[首页头部模式]]></item>
				<item id="description"><![CDATA[]]></item>
				<item id="variable"><![CDATA[mode]]></item>
				<item id="type"><![CDATA[select]]></item>
				<item id="value"><![CDATA[1]]></item>
				<item id="extra"><![CDATA[1=好贷模式
2=论坛模式(宽屏)
3=论坛模式(窄屏)]]></item>
			</item>
			<item id="2">
				<item id="displayorder"><![CDATA[2]]></item>
				<item id="title"><![CDATA[伪静态开关]]></item>
				<item id="description"><![CDATA[请参照设置-伪静态语句设置项进行配置]]></item>
				<item id="variable"><![CDATA[rewrite]]></item>
				<item id="type"><![CDATA[radio]]></item>
				<item id="value"><![CDATA[0]]></item>
				<item id="extra"><![CDATA[]]></item>
			</item>
			<item id="3">
				<item id="displayorder"><![CDATA[4]]></item>
				<item id="title"><![CDATA[需开启贷款推荐的版块]]></item>
				<item id="description"><![CDATA[请选择需要开启贷款推荐的版块，不选择为不启用该功能]]></item>
				<item id="variable"><![CDATA[forumlisthot]]></item>
				<item id="type"><![CDATA[forums]]></item>
				<item id="value"><![CDATA[]]></item>
				<item id="extra"><![CDATA[]]></item>
			</item>
		</item>
		<item id="language">
			<item id="scriptlang">
				<item id="bt"><![CDATA[经营年限:]]></item>
				<item id="hide-table"><![CDATA[收起]]></item>
				<item id="check-more"><![CDATA[查看更多]]></item>
				<item id="fastloan"><![CDATA[快速贷款]]></item>
				<item id="rewrite_intro_title"><![CDATA[伪静态介绍]]></item>
				<item id="rewrite_intro_info"><![CDATA[开启伪静态可以使好贷相关扩展页面的链接呈现更加友好,有更大的概率被搜索引擎收录,增加您的站点的收录机会,但是需要您的服务器支持伪静态才能够正常运作.]]></item>
				<item id="bbname"><![CDATA[论坛名称]]></item>
				<item id="xd_type"><![CDATA[贷款类型]]></item>
				<item id="bank_name"><![CDATA[银行名称]]></item>
				<item id="xd_name"><![CDATA[贷款名称]]></item>
				<item id="news_title"><![CDATA[新闻标题]]></item>
				<item id="calc_type"><![CDATA[计算器类型]]></item>
				<item id="code"><![CDATA[可用代码，点击插入:]]></item>
				<item id="seotitle"><![CDATA[标题(title)]]></item>
				<item id="seokeywords"><![CDATA[关键词(keywords)]]></item>
				<item id="seodescription"><![CDATA[描述(description)]]></item>
				<item id="dzapp_haodai_main"><![CDATA[好贷首页]]></item>
				<item id="dzapp_haodai_search"><![CDATA[贷款检索页]]></item>
				<item id="dzapp_haodai_view"><![CDATA[贷款详情页]]></item>
				<item id="dzapp_haodai_news"><![CDATA[贷款文章页]]></item>
				<item id="dzapp_haodai_apply"><![CDATA[贷款申请页]]></item>
				<item id="dzapp_haodai_calc"><![CDATA[贷款计算页]]></item>
				<item id="seo_update_succeed"><![CDATA[SEO信息更新成功]]></item>
				<item id="callback_error_admin"><![CDATA[抱歉,您的授权信息不正确,请重新进行授权.]]></item>
				<item id="callback_error_user"><![CDATA[抱歉,接口通信失败,请联系站点管理员解决.]]></item>
				<item id="city_list"><![CDATA[城市列表]]></item>
				<item id="city_id"><![CDATA[城市ID]]></item>
				<item id="area_id"><![CDATA[区域名称]]></item>
				<item id="area_en"><![CDATA[城市英文拼写]]></item>
				<item id="callback_info"><![CDATA[接口信息]]></item>
				<item id="click_to_import"><![CDATA[点此导入已有接口信息]]></item>
				<item id="appkey"><![CDATA[App Key]]></item>
				<item id="appsecret"><![CDATA[App Secret]]></item>
				<item id="ref"><![CDATA[好贷联盟推广码]]></item>
				<item id="callback_url"><![CDATA[回调地址]]></item>
				<item id="host_url"><![CDATA[宿主地址]]></item>
				<item id="callback_status"><![CDATA[授权状态]]></item>
				<item id="callback_expired"><![CDATA[失效,请点击右侧图片按钮进行授权.]]></item>
				<item id="valid"><![CDATA[有效]]></item>
				<item id="import_callback"><![CDATA[导入接口信息]]></item>
				<item id="import_succeed"><![CDATA[好贷云金融平台接口信息导入完成.]]></item>
				<item id="auth_succeed"><![CDATA[授权成功!]]></item>
				<item id="auth_jump"><![CDATA[[如未自动跳转请点此]]]></item>
				<item id="xd_type_fail"><![CDATA[贷款类型错误.]]></item>
				<item id="param_wrong"><![CDATA[参数不正确.]]></item>
				<item id="apply_incomplete"><![CDATA[填写资料不完整,请补全]]></item>
				<item id="apply_fail"><![CDATA[抱歉,申请贷款失败,错误如下]]></item>
				<item id="apply_succeed"><![CDATA[申请贷款成功！信贷员已经收到您的申请，会在1工作日内联系您。如遇到困难，请致电客服：400-8055-855]]></item>
				<item id="apply_reach_limit"><![CDATA[您填写的详细情况已经超过140字限制,请返回修改]]></item>
				<item id="have"><![CDATA[有]]></item>
				<item id="remark_company_type"><![CDATA[公司类型:]]></item>
				<item id="remark_birth"><![CDATA[|您的出生年份:]]></item>
				<item id="remark_salary_type"><![CDATA[|工资发放形式:]]></item>
				<item id="remark_month_income"><![CDATA[|每月打入银行卡工资:]]></item>
				<item id="remark_worktime"><![CDATA[元|您的工作时间是:]]></item>
				<item id="remark_year"><![CDATA[年]]></item>
				<item id="remark_month"><![CDATA[月]]></item>
				<item id="remark_has_card"><![CDATA[|您是否有信用卡:有|您有几张信用卡:]]></item>
				<item id="remark_has_card_no"><![CDATA[|您是否有信用卡:没有]]></item>
				<item id="remark_card_num"><![CDATA[张|额度总额是多少:]]></item>
				<item id="remark_yuan"><![CDATA[元]]></item>
				<item id="remark_has_debt"><![CDATA[|是否有负债（信用卡）:有|负债多少:]]></item>
				<item id="remark_has_debt_no"><![CDATA[|是否有负债（信用卡）:没有]]></item>
				<item id="remark_succeed_applied"><![CDATA[|您之前是否成功申请贷款:]]></item>
				<item id="remark_has_debt_num_no"><![CDATA[|是否有负债（贷款）:没有]]></item>
				<item id="remark_has_debt_num"><![CDATA[|是否有负债（贷款）:有|负债多少:]]></item>
				<item id="remark_house_type"><![CDATA[房屋类型:]]></item>
				<item id="remark_first_house"><![CDATA[元|是否首套房:]]></item>
				<item id="remark_second_hand"><![CDATA[|是否二手房:]]></item>
				<item id="remark_has_house"><![CDATA[是否有本地商品房:]]></item>
				<item id="remark_car_no"><![CDATA[|车辆牌照:]]></item>
				<item id="remark_car_type"><![CDATA[元|购车类型:]]></item>
				<item id="remark_car_stage"><![CDATA[|购车阶段:]]></item>
				<item id="remark_car_usage"><![CDATA[|车辆用途:]]></item>
				<item id="remark_card_bank_num"><![CDATA[|银行卡走账月收入:]]></item>
				<item id="remark_qiye_has_house"><![CDATA[元|是否有本地商品房:]]></item>
				<item id="remark_live_in"><![CDATA[|户籍所在地:]]></item>
				<item id="xd_type_xiaofei"><![CDATA[消费贷款]]></item>
				<item id="xd_type_goufang"><![CDATA[购房贷款]]></item>
				<item id="xd_type_qiye"><![CDATA[企业贷款]]></item>
				<item id="xd_type_gouche"><![CDATA[购车贷款]]></item>
				<item id="calc_chedai"><![CDATA[车贷计算器]]></item>
				<item id="calc_debj"><![CDATA[等额本金还款计算器]]></item>
				<item id="calc_debx"><![CDATA[等额本息还款计算器]]></item>
				<item id="calc_esjys"><![CDATA[二手房交易税费计算器]]></item>
				<item id="calc_fd"><![CDATA[房贷计算器]]></item>
				<item id="calc_gjj"><![CDATA[公积金贷款计算器]]></item>
				<item id="calc_secondhand"><![CDATA[二手房贷款计算器]]></item>
				<item id="calc_zhdk"><![CDATA[组合贷款计算器]]></item>
				<item id="stat_info"><![CDATA[站点统计]]></item>
				<item id="stat_panel"><![CDATA[统计平台]]></item>
				<item id="click_stat_panel"><![CDATA[【点此进入好贷云金融平台查看收入统计】]]></item>
				<item id="stat_notice"><![CDATA[注意:]]></item>
				<item id="stat_notice_content"><![CDATA[平台账号为安装时填写的手机号或邮箱。]]></item>
				<item id="localcity"><![CDATA[当前城市]]></item>
				<item id="choosecity"><![CDATA[选择城市]]></item>
				<item id="setting_succeed"><![CDATA[设置成功]]></item>
				<item id="pleasechoosecity"><![CDATA[请到后台设置当前城市]]></item>
				<item id="city_choose_ok"><![CDATA[城市切换成功!]]></item>
				<item id="city_choose_wrong"><![CDATA[切换参数错误]]></item>
				<item id="page_1"><![CDATA[首页]]></item>
				<item id="page_2"><![CDATA[上一页]]></item>
				<item id="page_3"><![CDATA[下一页]]></item>
				<item id="page_4"><![CDATA[末页]]></item>
				<item id="mobile_be_int"><![CDATA[手机号码必须为数字，请返回修正。]]></item>
			</item>
			<item id="templatelang">
				<item id="mobile_1"><![CDATA[成]]></item>
				<item id="mobile_2"><![CDATA[立即搜索]]></item>
				<item id="mobile_3"><![CDATA[快速贷款]]></item>
				<item id="mobile_4"><![CDATA[贷款计算]]></item>
				<item id="mobile_5"><![CDATA[客服热线]]></item>
				<item id="mobile_6"><![CDATA[精准查找贷款]]></item>
				<item id="mobile_7"><![CDATA[筛选贷款条件，帮助您获取更精准的贷款]]></item>
				<item id="mobile_8"><![CDATA[搜索]]></item>
				<item id="mobile_9"><![CDATA[不限]]></item>
				<item id="mobile_10"><![CDATA[高级搜索]]></item>
				<item id="mobile_11"><![CDATA[返回]]></item>
				<item id="mobile_12"><![CDATA[评级从高到低]]></item>
				<item id="mobile_13"><![CDATA[利息从低到高]]></item>
				<item id="mobile_14"><![CDATA[月供从低到高]]></item>
				<item id="mobile_15"><![CDATA[月供]]></item>
				<item id="mobile_16"><![CDATA[元]]></item>
				<item id="mobile_17"><![CDATA[上一页]]></item>
				<item id="mobile_18"><![CDATA[下一页]]></item>
				<item id="mobile_19"><![CDATA[当前城市:]]></item>
				<item id="mobile_20"><![CDATA[以]]></item>
				<item id="mobile_21"><![CDATA[为开头的城市名]]></item>
				<item id="mobile_22"><![CDATA[已经申请]]></item>
				<item id="mobile_23"><![CDATA[人]]></item>
				<item id="mobile_24"><![CDATA[好评星级：]]></item>
				<item id="mobile_25"><![CDATA[立即申请]]></item>
				<item id="mobile_26"><![CDATA[您好，您选择了]]></item>
				<item id="mobile_27"><![CDATA[您申请的贷款金额为]]></item>
				<item id="mobile_28"><![CDATA[，贷款期限]]></item>
				<item id="mobile_29"><![CDATA[，请填写以下信息，以便成功贷款。]]></item>
				<item id="mobile_30"><![CDATA[回答信贷经理问题]]></item>
				<item id="mobile_31"><![CDATA[商业贷款金额：]]></item>
				<item id="mobile_32"><![CDATA[公积金贷款金额：]]></item>
				<item id="mobile_33"><![CDATA[贷款期限：]]></item>
				<item id="mobile_34"><![CDATA[年（]]></item>
				<item id="mobile_35"><![CDATA[期）]]></item>
				<item id="mobile_36"><![CDATA[商业贷款利率：]]></item>
				<item id="mobile_37"><![CDATA[最新基准利率]]></item>
				<item id="mobile_38"><![CDATA[折]]></item>
				<item id="mobile_39"><![CDATA[倍]]></item>
				<item id="mobile_40"><![CDATA[利率]]></item>
				<item id="mobile_41"><![CDATA[公积金贷款利率：]]></item>
				<item id="mobile_42"><![CDATA[还款方式：]]></item>
				<item id="mobile_43"><![CDATA[等额本息]]></item>
				<item id="mobile_44"><![CDATA[等额本金]]></item>
				<item id="mobile_45"><![CDATA[计算]]></item>
				<item id="mobile_46"><![CDATA[利息总额]]></item>
				<item id="mobile_47"><![CDATA[还款总额]]></item>
				<item id="mobile_48"><![CDATA[每月月供]]></item>
				<item id="mobile_49"><![CDATA[月薪大于]]></item>
				<item id="mobile_50"><![CDATA[期次]]></item>
				<item id="mobile_51"><![CDATA[偿还本息（元）]]></item>
				<item id="mobile_52"><![CDATA[偿还利息（元）]]></item>
				<item id="mobile_53"><![CDATA[偿还本金（元）]]></item>
				<item id="mobile_54"><![CDATA[剩余本金（元）]]></item>
				<item id="mobile_55"><![CDATA[查看更多]]></item>
				<item id="mobile_56"><![CDATA[重新计算]]></item>
				<item id="mobile_57"><![CDATA[收起]]></item>
				<item id="mobile_58"><![CDATA[元]]></item>
				<item id="mobile_59"><![CDATA[快速申请]]></item>
				<item id="mobile_60"><![CDATA[请输入数字]]></item>
				<item id="mobile_61"><![CDATA[当天允许申请1次，请确认联系方式无误。提交申请后，客服会拨打您的手机，为您免费定制方案]]></item>
				<item id="mobile_62"><![CDATA[姓名:]]></item>
				<item id="mobile_63"><![CDATA[如：李先生]]></item>
				<item id="mobile_64"><![CDATA[电话:]]></item>
				<item id="mobile_65"><![CDATA[您的手机号]]></item>
				<item id="mobile_66"><![CDATA[打卡工资:]]></item>
				<item id="mobile_67"><![CDATA[请输入每月工资，如5000]]></item>
				<item id="mobile_68"><![CDATA[对公加对私月流水:]]></item>
				<item id="mobile_69"><![CDATA[如：1万元，输入10000]]></item>
				<item id="mobile_70"><![CDATA[经营年限:]]></item>
				<item id="mobile_71"><![CDATA[请选择]]></item>
				<item id="mobile_72"><![CDATA[不足半年]]></item>
				<item id="mobile_73"><![CDATA[半年]]></item>
				<item id="mobile_74"><![CDATA[年]]></item>
				<item id="mobile_75"><![CDATA[5年以上（含5年）]]></item>
				<item id="mobile_76"><![CDATA[出生年份:]]></item>
				<item id="mobile_77"><![CDATA[请输入出生年份，如1986]]></item>
				<item id="mobile_78"><![CDATA[工作时间:]]></item>
				<item id="mobile_79"><![CDATA[否]]></item>
				<item id="mobile_80"><![CDATA[是]]></item>
				<item id="mobile_81"><![CDATA[您好，请留下您的联系方式，信贷经理会很快与您联系。]]></item>
				<item id="mobile_82"><![CDATA[手机:]]></item>
				<item id="mobile_83"><![CDATA[用于接收信贷员联系方式]]></item>
				<item id="mobile_84"><![CDATA[邮箱:]]></item>
				<item id="mobile_85"><![CDATA[用于获取申请贷款所需材料(可选填)]]></item>
				<item id="mobile_86"><![CDATA[参考以下范例填写个人详情]]></item>
				<item id="apply_htm_1"><![CDATA[贷款]]></item>
				<item id="apply_htm_2"><![CDATA[申请贷款]]></item>
				<item id="apply_htm_3"><![CDATA[请填写下列信息完成贷款申请]]></item>
				<item id="apply_htm_4"><![CDATA[申请贷款信息]]></item>
				<item id="apply_htm_5"><![CDATA[名称]]></item>
				<item id="apply_htm_6"><![CDATA[金额]]></item>
				<item id="apply_htm_7"><![CDATA[万元]]></item>
				<item id="apply_htm_8"><![CDATA[期限]]></item>
				<item id="apply_htm_9"><![CDATA[个月]]></item>
				<item id="apply_htm_10"><![CDATA[回答信贷员问题]]></item>
				<item id="apply_htm_11"><![CDATA[房屋类型]]></item>
				<item id="apply_htm_12"><![CDATA[请选择]]></item>
				<item id="apply_htm_13"><![CDATA[商品房（大于]]></item>
				<item id="apply_htm_14"><![CDATA[）]]></item>
				<item id="apply_htm_17"><![CDATA[商品房（小于等于]]></item>
				<item id="apply_htm_21"><![CDATA[整体式商铺]]></item>
				<item id="apply_htm_23"><![CDATA[隔断式商铺]]></item>
				<item id="apply_htm_25"><![CDATA[商住两用房]]></item>
				<item id="apply_htm_27"><![CDATA[写字楼]]></item>
				<item id="apply_htm_29"><![CDATA[小产权房]]></item>
				<item id="apply_htm_31"><![CDATA[房改房]]></item>
				<item id="apply_htm_33"><![CDATA[经济适用房]]></item>
				<item id="apply_htm_35"><![CDATA[危改房]]></item>
				<item id="apply_htm_37"><![CDATA[每月打入银行卡工资]]></item>
				<item id="apply_htm_38"><![CDATA[请输入数字,如]]></item>
				<item id="apply_htm_39"><![CDATA[元]]></item>
				<item id="apply_htm_40"><![CDATA[是否首套房]]></item>
				<item id="apply_htm_41"><![CDATA[首套住宅]]></item>
				<item id="apply_htm_43"><![CDATA[二套住宅]]></item>
				<item id="apply_htm_44"><![CDATA[及以上]]></item>
				<item id="apply_htm_47"><![CDATA[是否二手房]]></item>
				<item id="apply_htm_48"><![CDATA[新房]]></item>
				<item id="apply_htm_50"><![CDATA[二手房]]></item>
				<item id="apply_htm_52"><![CDATA[留下联系方式]]></item>
				<item id="apply_htm_53"><![CDATA[您的称呼]]></item>
				<item id="apply_htm_54"><![CDATA[如：王先生]]></item>
				<item id="apply_htm_55"><![CDATA[手机号码]]></item>
				<item id="apply_htm_56"><![CDATA[用于接收信贷员联系方式]]></item>
				<item id="apply_htm_57"><![CDATA[电子邮箱]]></item>
				<item id="apply_htm_58"><![CDATA[需获取申请贷款所需材料，请填写邮箱]]></item>
				<item id="apply_htm_59"><![CDATA[可选填]]></item>
				<item id="apply_htm_60"><![CDATA[填写补充信息]]></item>
				<item id="apply_htm_61"><![CDATA[选填]]></item>
				<item id="apply_htm_62"><![CDATA[建议您补充下面信息，将大大提升贷款响应成功率。谢谢！]]></item>
				<item id="apply_htm_63"><![CDATA[参考内容：本人希望本周可以贷到款，购买一手房用，现在大型垄断国企工作，担任人事专员职务，工作3年，可提供银行流水3年，税后打卡工资10000元，五险一金齐全。使用5万额度信用卡2年，信用良好，按时还款，无逾期，现阶段没有其他负债！]]></item>
				<item id="apply_htm_64"><![CDATA[详细情况]]></item>
				<item id="apply_htm_65"><![CDATA[限140字]]></item>
				<item id="apply_htm_66"><![CDATA[参考以上范例填写您的详细情况]]></item>
				<item id="apply_htm_68"><![CDATA[是否有本地商品房]]></item>
				<item id="apply_htm_69"><![CDATA[没有本地商品房]]></item>
				<item id="apply_htm_71"><![CDATA[本人名下有本地商品房（有房产证）]]></item>
				<item id="apply_htm_73"><![CDATA[父母、配偶名下有本地商品房（有房产证）]]></item>
				<item id="apply_htm_75"><![CDATA[车辆牌照]]></item>
				<item id="apply_htm_76"><![CDATA[本地]]></item>
				<item id="apply_htm_78"><![CDATA[外地]]></item>
				<item id="apply_htm_80"><![CDATA[购车类型]]></item>
				<item id="apply_htm_81"><![CDATA[新车]]></item>
				<item id="apply_htm_83"><![CDATA[二手车]]></item>
				<item id="apply_htm_85"><![CDATA[购车阶段]]></item>
				<item id="apply_htm_86"><![CDATA[未选好车型]]></item>
				<item id="apply_htm_88"><![CDATA[准备去4S店看车]]></item>
				<item id="apply_htm_90"><![CDATA[已经去4S店看过车]]></item>
				<item id="apply_htm_92"><![CDATA[车辆用途]]></item>
				<item id="apply_htm_93"><![CDATA[家用]]></item>
				<item id="apply_htm_95"><![CDATA[经营]]></item>
				<item id="apply_htm_108"><![CDATA[参考内容：本人希望本周可以贷到款，买车用，首付3成，个人名下有全款房产1套，90平米，价值100万，房本发票齐全。现在大型垄断国企工作，担任人事专员职务，工作3年，可提供银行流水3年，税后打卡工资6000元，五险一金齐全。使用2万额度信用卡4年，信用良好，按时还款，无逾期，现阶段有房贷！]]></item>
				<item id="apply_htm_113"><![CDATA[公司类型]]></item>
				<item id="apply_htm_115"><![CDATA[私营企业]]></item>
				<item id="apply_htm_117"><![CDATA[个体工商户]]></item>
				<item id="apply_htm_119"><![CDATA[公务员]]></item>
				<item id="apply_htm_120"><![CDATA[事业单位]]></item>
				<item id="apply_htm_123"><![CDATA[大型垄断国企]]></item>
				<item id="apply_htm_125"><![CDATA[世界500强企业]]></item>
				<item id="apply_htm_127"><![CDATA[上市企业]]></item>
				<item id="apply_htm_129"><![CDATA[普通企业]]></item>
				<item id="apply_htm_131"><![CDATA[无固定职业]]></item>
				<item id="apply_htm_133"><![CDATA[银行卡走账月收入]]></item>
				<item id="apply_htm_134"><![CDATA[如：1万元，输入]]></item>
				<item id="apply_htm_141"><![CDATA[户籍所在地]]></item>
				<item id="apply_htm_157"><![CDATA[参考内容：本人（2012）年成立公司，本人为法人，执照齐全，年检正常。公司主要经营服装贸易批发，注册地点北京，注册资金100万，经营场所300平米，租赁合同齐全。公司股东5人，公司员工30名。公司月流水500万，纯利润100万。目前无负债]]></item>
				<item id="apply_htm_158"><![CDATA[有其他负债，个人跟公司征信良好。法人名下有房产1套，200平米，估值200万元。法人拥有私家车1辆，估值50万。]]></item>
				<item id="apply_htm_162"><![CDATA[填写个人职业信息]]></item>
				<item id="apply_htm_183"><![CDATA[您的出生年份]]></item>
				<item id="apply_htm_184"><![CDATA[请输入年份，如]]></item>
				<item id="apply_htm_185"><![CDATA[工资发放形式]]></item>
				<item id="apply_htm_186"><![CDATA[公司代发到银行工资卡]]></item>
				<item id="apply_htm_188"><![CDATA[公司转帐或自己定期存银行卡]]></item>
				<item id="apply_htm_190"><![CDATA[领取现金]]></item>
				<item id="apply_htm_195"><![CDATA[您的工作时间是]]></item>
				<item id="apply_htm_196"><![CDATA[年填]]></item>
				<item id="apply_htm_197"><![CDATA[年]]></item>
				<item id="apply_htm_198"><![CDATA[个月填]]></item>
				<item id="apply_htm_199"><![CDATA[月]]></item>
				<item id="apply_htm_200"><![CDATA[填写个人信用信息]]></item>
				<item id="apply_htm_201"><![CDATA[您是否有信用卡]]></item>
				<item id="apply_htm_202"><![CDATA[有]]></item>
				<item id="apply_htm_204"><![CDATA[没有]]></item>
				<item id="apply_htm_206"><![CDATA[您有几张信用卡]]></item>
				<item id="apply_htm_207"><![CDATA[张填]]></item>
				<item id="apply_htm_208"><![CDATA[张]]></item>
				<item id="apply_htm_209"><![CDATA[额度总额是多少]]></item>
				<item id="apply_htm_210"><![CDATA[请输入数字，如]]></item>
				<item id="apply_htm_212"><![CDATA[是否有负债（信用卡）]]></item>
				<item id="apply_htm_217"><![CDATA[负债多少]]></item>
				<item id="apply_htm_220"><![CDATA[您之前是否成功申请贷款]]></item>
				<item id="apply_htm_225"><![CDATA[是否有负债（贷款）]]></item>
				<item id="apply_htm_244"><![CDATA[参考内容：本人希望本周可以贷到款，装修用，个人名下有全款房产1套，90平米，价值100万，房本发票齐全，拥有私家车1辆，价值10万元，现在大型垄断国企工作，担任人事专员职务，工作3年，可提供银行流水3年，税后打卡工资3000元，五险一金齐全。使用2万额度信用卡4年，信用良好，按时还款，无逾期，现阶段有房贷！]]></item>
				<item id="apply_htm_248"><![CDATA[郑重承诺]]></item>
				<item id="apply_htm_249"><![CDATA[好贷致力保护您的个人隐私，您提供的信息将不会以任何形式公布，]]></item>
				<item id="apply_htm_250"><![CDATA[有任何疑问，请致电好贷网客服：]]></item>
				<item id="apply_htm_251"><![CDATA[提 交]]></item>
				<item id="calc_chedai_htm_2"><![CDATA[计算器]]></item>
				<item id="calc_chedai_htm_3"><![CDATA[房贷计算器]]></item>
				<item id="calc_chedai_htm_4"><![CDATA[车贷计算器]]></item>
				<item id="calc_chedai_htm_5"><![CDATA[公积金贷款计算器]]></item>
				<item id="calc_chedai_htm_6"><![CDATA[等额本息还款计算器]]></item>
				<item id="calc_chedai_htm_7"><![CDATA[等额本金还款计算器]]></item>
				<item id="calc_chedai_htm_8"><![CDATA[组合贷款计算器]]></item>
				<item id="calc_chedai_htm_9"><![CDATA[二手房贷款计算器]]></item>
				<item id="calc_chedai_htm_10"><![CDATA[二手房交易税费计算器]]></item>
				<item id="calc_chedai_htm_11"><![CDATA[购车价格]]></item>
				<item id="calc_chedai_htm_13"><![CDATA[格式错误，只限输入数字！]]></item>
				<item id="calc_chedai_htm_14"><![CDATA[贷款期限]]></item>
				<item id="calc_chedai_htm_22"><![CDATA[年利率]]></item>
				<item id="calc_chedai_htm_24"><![CDATA[计算]]></item>
				<item id="calc_chedai_htm_25"><![CDATA[首付]]></item>
				<item id="calc_chedai_htm_27"><![CDATA[月供]]></item>
				<item id="calc_chedai_htm_29"><![CDATA[时间]]></item>
				<item id="calc_chedai_htm_33"><![CDATA[总计花费]]></item>
				<item id="calc_chedai_htm_35"><![CDATA[比全款购车多花费]]></item>
				<item id="calc_chedai_htm_37"><![CDATA[此结果仅供参考，实际应缴费以当地为准]]></item>
				<item id="calc_chedai_htm_38"><![CDATA[商贷利率]]></item>
				<item id="calc_chedai_htm_40"><![CDATA[商业贷款利率]]></item>
				<item id="calc_chedai_htm_42"><![CDATA[含]]></item>
				<item id="calc_chedai_htm_48"><![CDATA[公积金利率]]></item>
				<item id="calc_chedai_htm_50"><![CDATA[公积金贷款利率]]></item>
				<item id="calc_chedai_htm_54"><![CDATA[贷款攻略]]></item>
				<item id="calc_debj_htm_11"><![CDATA[计算方式]]></item>
				<item id="calc_debj_htm_12"><![CDATA[按贷款额度算]]></item>
				<item id="calc_debj_htm_13"><![CDATA[按面积算]]></item>
				<item id="calc_debj_htm_14"><![CDATA[贷款金额]]></item>
				<item id="calc_debj_htm_17"><![CDATA[平米单价]]></item>
				<item id="calc_debj_htm_19"><![CDATA[平米]]></item>
				<item id="calc_debj_htm_21"><![CDATA[面积]]></item>
				<item id="calc_debj_htm_24"><![CDATA[购房性质]]></item>
				<item id="calc_debj_htm_25"><![CDATA[一套房]]></item>
				<item id="calc_debj_htm_27"><![CDATA[二套房]]></item>
				<item id="calc_debj_htm_44"><![CDATA[逐月递减还款]]></item>
				<item id="calc_debj_htm_45"><![CDATA[贷款总额]]></item>
				<item id="calc_debj_htm_47"><![CDATA[还款月数]]></item>
				<item id="calc_debj_htm_49"><![CDATA[首月还款]]></item>
				<item id="calc_debj_htm_50"><![CDATA[万元
							   每月递减]]></item>
				<item id="calc_debj_htm_52"><![CDATA[总支付利息]]></item>
				<item id="calc_debj_htm_54"><![CDATA[本息合计]]></item>
				<item id="calc_debx_htm_44"><![CDATA[每月等额还款]]></item>
				<item id="calc_debx_htm_49"><![CDATA[每月还款]]></item>
				<item id="calc_esjys_htm_11"><![CDATA[房屋性质]]></item>
				<item id="calc_esjys_htm_12"><![CDATA[普通住宅]]></item>
				<item id="calc_esjys_htm_13"><![CDATA[非普通住宅]]></item>
				<item id="calc_esjys_htm_14"><![CDATA[房产证是否满5年]]></item>
				<item id="calc_esjys_htm_15"><![CDATA[是]]></item>
				<item id="calc_esjys_htm_16"><![CDATA[否]]></item>
				<item id="calc_esjys_htm_17"><![CDATA[房屋建筑面积]]></item>
				<item id="calc_esjys_htm_18"><![CDATA[平方米]]></item>
				<item id="calc_esjys_htm_20"><![CDATA[房屋总价]]></item>
				<item id="calc_esjys_htm_24"><![CDATA[合计]]></item>
				<item id="calc_esjys_htm_26"><![CDATA[契税]]></item>
				<item id="calc_esjys_htm_28"><![CDATA[非普宅收]]></item>
				<item id="calc_esjys_htm_29"><![CDATA[，首次购买普宅，90平以上]]></item>
				<item id="calc_esjys_htm_30"><![CDATA[，不满90平]]></item>
				<item id="calc_esjys_htm_31"><![CDATA[营业税]]></item>
				<item id="calc_esjys_htm_33"><![CDATA[未满5年的普通住房、非普通住房，收]]></item>
				<item id="calc_esjys_htm_34"><![CDATA[城建税]]></item>
				<item id="calc_esjys_htm_36"><![CDATA[需交营业税的]]></item>
				<item id="calc_esjys_htm_37"><![CDATA[（非市区为]]></item>
				<item id="calc_esjys_htm_39"><![CDATA[教育附加费]]></item>
				<item id="calc_esjys_htm_42"><![CDATA[个人所得税]]></item>
				<item id="calc_esjys_htm_44"><![CDATA[一般由买家承担，收]]></item>
				<item id="calc_esjys_htm_45"><![CDATA[。房子为房主唯一自住房且满5年则免征。]]></item>
				<item id="calc_esjys_htm_46"><![CDATA[印花税]]></item>
				<item id="calc_esjys_htm_48"><![CDATA[目前免征印花税]]></item>
				<item id="calc_fd_htm_58"><![CDATA[每月递减]]></item>
				<item id="calc_zhdk_htm_24"><![CDATA[公积金贷款金额]]></item>
				<item id="calc_zhdk_htm_29"><![CDATA[商业贷款金额]]></item>
				<item id="main_htm_2"><![CDATA[首页]]></item>
				<item id="main_htm_3"><![CDATA[返回首页]]></item>
				<item id="main_htm_5"><![CDATA[抵押贷]]></item>
				<item id="main_htm_6"><![CDATA[信用贷]]></item>
				<item id="main_htm_7"><![CDATA[担保贷]]></item>
				<item id="main_htm_8"><![CDATA[购车贷]]></item>
				<item id="main_htm_9"><![CDATA[论坛]]></item>
				<item id="main_htm_10"><![CDATA[搜索贷款]]></item>
				<item id="main_htm_11"><![CDATA[贷款用途]]></item>
				<item id="main_htm_12"><![CDATA[消费贷款]]></item>
				<item id="main_htm_14"><![CDATA[企业贷款]]></item>
				<item id="main_htm_15"><![CDATA[购车贷款]]></item>
				<item id="main_htm_16"><![CDATA[购房贷款]]></item>
				<item id="main_htm_26"><![CDATA[其他]]></item>
				<item id="main_htm_38"><![CDATA[热门贷款]]></item>
				<item id="main_htm_39"><![CDATA[查看]]></item>
				<item id="main_htm_40"><![CDATA[贷款助手]]></item>
				<item id="main_htm_46"><![CDATA[贷款资讯]]></item>
				<item id="main_htm_47"><![CDATA[经验分享]]></item>
				<item id="main_htm_48"><![CDATA[合作银行]]></item>
				<item id="main_htm_49"><![CDATA[中国银行]]></item>
				<item id="main_htm_50"><![CDATA[中国工商银行]]></item>
				<item id="main_htm_51"><![CDATA[浦发银行]]></item>
				<item id="main_htm_52"><![CDATA[广发银行]]></item>
				<item id="main_htm_53"><![CDATA[招商银行]]></item>
				<item id="main_htm_54"><![CDATA[南京银行]]></item>
				<item id="main_htm_55"><![CDATA[宁波银行]]></item>
				<item id="main_htm_56"><![CDATA[华夏银行]]></item>
				<item id="main_htm_57"><![CDATA[邮政储蓄银行]]></item>
				<item id="main_htm_58"><![CDATA[花旗银行]]></item>
				<item id="main_htm_59"><![CDATA[建设银行]]></item>
				<item id="main_htm_60"><![CDATA[农业银行]]></item>
				<item id="main_htm_61"><![CDATA[兴业银行]]></item>
				<item id="main_htm_62"><![CDATA[渣打银行]]></item>
				<item id="news_htm_2"><![CDATA[贷款文章]]></item>
				<item id="news_htm_4"><![CDATA[资讯]]></item>
				<item id="news_htm_5"><![CDATA[来源：]]></item>
				<item id="search_htm_2"><![CDATA[贷款搜索]]></item>
				<item id="search_htm_3"><![CDATA[共为你找到]]></item>
				<item id="search_htm_4"><![CDATA[款贷款产品]]></item>
				<item id="search_htm_5"><![CDATA[贷款金额：]]></item>
				<item id="search_htm_6"><![CDATA[万]]></item>
				<item id="search_htm_29"><![CDATA[贷款期限：]]></item>
				<item id="search_htm_54"><![CDATA[重新搜索]]></item>
				<item id="search_htm_55"><![CDATA[全部清除]]></item>
				<item id="search_htm_56"><![CDATA[根据我的条件筛选：]]></item>
				<item id="search_htm_57"><![CDATA[：]]></item>
				<item id="search_htm_58"><![CDATA[默认排序]]></item>
				<item id="search_htm_59"><![CDATA[总利息]]></item>
				<item id="search_htm_61"><![CDATA[评级]]></item>
				<item id="search_htm_62"><![CDATA[银行]]></item>
				<item id="search_htm_63"><![CDATA[产品]]></item>
				<item id="search_htm_64"><![CDATA[总费用]]></item>
				<item id="search_htm_66"><![CDATA[总费用：]]></item>
				<item id="search_htm_67"><![CDATA[总费用是指您为此贷款所付出的所有利息以及银行额外收取的“手续费”“管理费”等各类费用。]]></item>
				<item id="search_htm_68"><![CDATA[注意：]]></item>
				<item id="search_htm_69"><![CDATA[部分产品可以提前还款，若您提前还款，您的利息支出会更少。]]></item>
				<item id="search_htm_70"><![CDATA[月供详情]]></item>
				<item id="search_htm_71"><![CDATA[分期还款：]]></item>
				<item id="search_htm_72"><![CDATA[所借款项借款人需要每月分期偿还。具体的分期还款方式包括有：]]></item>
				<item id="search_htm_73"><![CDATA[等额本息]]></item>
				<item id="search_htm_74"><![CDATA[、]]></item>
				<item id="search_htm_75"><![CDATA[等额本金]]></item>
				<item id="search_htm_77"><![CDATA[提前还息、每月还本]]></item>
				<item id="search_htm_78"><![CDATA[等方式，具体的还款方式根据每家银行和借款人的要求而定。]]></item>
				<item id="search_htm_79"><![CDATA[到期还款：]]></item>
				<item id="search_htm_80"><![CDATA[所借款项在借款到期时一次性还清。具体的到期还款方式包括有：]]></item>
				<item id="search_htm_81"><![CDATA[每月还息、到期还本]]></item>
				<item id="search_htm_83"><![CDATA[到期偿还本息]]></item>
				<item id="search_htm_85"><![CDATA[提前还息、到期还本]]></item>
				<item id="search_htm_86"><![CDATA[等，还款方式根据每家银行和借款人的要求而定。]]></item>
				<item id="search_htm_87"><![CDATA[循环授信、随借随还：]]></item>
				<item id="search_htm_88"><![CDATA[贷款机构在一段时间内（如3年）授予借款人一个固定贷款额度，在这段时间内，只要不超过这个额度，随借随还无需额外审批，资金可以循环使用。每次还款时一次性还清当次借款本金利息。]]></item>
				<item id="search_htm_89"><![CDATA[贷款人要求]]></item>
				<item id="search_htm_90"><![CDATA[产品特点]]></item>
				<item id="search_htm_91"><![CDATA[星级越高说明信贷经理服务越好贷款成功率越高]]></item>
				<item id="search_htm_94"><![CDATA[说明]]></item>
				<item id="search_htm_97"><![CDATA[参考利率]]></item>
				<item id="search_htm_98"><![CDATA[无]]></item>
				<item id="search_htm_99"><![CDATA[更多说明]]></item>
				<item id="search_htm_100"><![CDATA[查看申请]]></item>
				<item id="view_htm_2"><![CDATA[贷款详情]]></item>
				<item id="view_htm_3"><![CDATA[担保方式]]></item>
				<item id="view_htm_4"><![CDATA[金额：]]></item>
				<item id="view_htm_6"><![CDATA[额度范围：]]></item>
				<item id="view_htm_8"><![CDATA[期限：]]></item>
				<item id="view_htm_10"><![CDATA[期限范围：]]></item>
				<item id="view_htm_12"><![CDATA[月供：]]></item>
				<item id="view_htm_14"><![CDATA[还款方式：]]></item>
				<item id="view_htm_15"><![CDATA[总利息：]]></item>
				<item id="view_htm_17"><![CDATA[放款时间：]]></item>
				<item id="view_htm_18"><![CDATA[个工作日（审批为]]></item>
				<item id="view_htm_19"><![CDATA[个工作日）]]></item>
				<item id="view_htm_20"><![CDATA[费用说明：]]></item>
				<item id="view_htm_21"><![CDATA[月利率]]></item>
				<item id="view_htm_22"><![CDATA[月管理费]]></item>
				<item id="view_htm_23"><![CDATA[一次性收费]]></item>
				<item id="view_htm_24"><![CDATA[免费申请贷款]]></item>
				<item id="view_htm_25"><![CDATA[搜索贷款产品]]></item>
				<item id="view_htm_26"><![CDATA[在线申请贷款]]></item>
				<item id="view_htm_27"><![CDATA[信贷员沟通]]></item>
				<item id="view_htm_28"><![CDATA[放款、完成]]></item>
				<item id="view_htm_29"><![CDATA[产品详情]]></item>
				<item id="view_htm_30"><![CDATA[产品介绍]]></item>
				<item id="view_htm_31"><![CDATA[申请条件]]></item>
				<item id="view_htm_32"><![CDATA[所需材料]]></item>
				<item id="view_htm_33"><![CDATA[相关信息由好贷网收集，不保证完全准确，请您以信贷员咨询结果为准]]></item>
				<item id="view_htm_35"><![CDATA[我要贷款]]></item>
				<item id="view_htm_36"><![CDATA[贷款用途：]]></item>
				<item id="view_htm_63"><![CDATA[提交]]></item>
				<item id="view_htm_64"><![CDATA[搜索一下]]></item>
				<item id="view_htm_65"><![CDATA[常用贷款工具]]></item>
				<item id="view_htm_67"><![CDATA[等额本金贷款计算器]]></item>
				<item id="view_htm_68"><![CDATA[等额本息贷款计算器]]></item>
				<item id="view_htm_72"><![CDATA[还款方式比较计算器]]></item>
				<item id="view_htm_73"><![CDATA[热门贷款推荐]]></item>
				<item id="notice"><![CDATA[数据由好贷云金融平台提供，遵守好贷云金融平台服务协议，受法律保护。]]></item>
				<item id="hooklang_1"><![CDATA[贷款频道]]></item>
				<item id="hooklang_2"><![CDATA[我们已经为您整理出<strong style="color:#f00">100万/20年</strong>贷款搜索条件，您也可以<a href="plugin.php?id=dzapp_haodai:dzapp_haodai" target="_blank" class="xi2">点击此处进行高级搜索</a>]]></item>
				<item id="hooklang_3"><![CDATA[第二套+贷款]]></item>
				<item id="hooklang_4"><![CDATA[装修贷款(10万1年期)]]></item>
				<item id="hooklang_5"><![CDATA[无信用卡无房产贷款]]></item>
				<item id="hooklang_6"><![CDATA[无本地房产贷款买车]]></item>
				<item id="hooklang_7"><![CDATA[装修贷款]]></item>
				<item id="switch_city"><![CDATA[切换城市]]></item>
				<item id="city_sort_1"><![CDATA[按拼音首字母选择]]></item>
				<item id="city_sort_2"><![CDATA[按省份选择]]></item>
				<item id="city_sort_3"><![CDATA[按地区选择]]></item>
				<item id="cjwt"><![CDATA[贷款问答]]></item>
				<item id="fenqi"><![CDATA[分期]]></item>
				<item id="related_recommend"><![CDATA[万贷款相关推荐]]></item>
				<item id="more"><![CDATA[更多]]></item>
				<item id="date"><![CDATA[日期：]]></item>
			</item>
			<item id="installlang">
				<item id="rewrite_tip"><![CDATA[您已成功更新插件到2.0版本<br />新版升级内容：<br />1.实现根据IP自动定位城市。<br />2.开放贷款资讯列表。<br />3.增加频道WAP版本。<br />4.增加了资讯列表伪静态规则。（若开启伪静态，请根据环境，重新添加伪静态规则到伪静态配置文件；若关闭，则可略过。）]]></item>
				<item id="title"><![CDATA[步骤]]></item>
				<item id="choose"><![CDATA[选择]]></item>
				<item id="reg"><![CDATA[注册]]></item>
				<item id="succeed"><![CDATA[成功]]></item>
				<item id="hd_tip1"><![CDATA[欢迎使用好贷云金融平台产品,为完成该产品的安装,您可能需要花几分钟的时间进行好贷云金融平台的注册.<br>另外,完成安装后,请先开启插件并且在后台接口信息处完成首次授权登陆,即可使用本插件.]]></item>
				<item id="hd_tip2"><![CDATA[登录好贷云金融平台(yun.haodai.com)用户中心获取推广码，推广码形式如：hd_1234。]]></item>
				<item id="reg_header"><![CDATA[好贷云金融平台注册]]></item>
				<item id="email"><![CDATA[电子邮箱]]></item>
				<item id="email_summary"><![CDATA[该邮箱将用来接收好贷云金融平台的通知，确保为有效邮箱！]]></item>
				<item id="password"><![CDATA[设置密码]]></item>
				<item id="password_summary"><![CDATA[长度至少6位，小于16位]]></item>
				<item id="repassword"><![CDATA[重复密码]]></item>
				<item id="nickname"><![CDATA[昵称]]></item>
				<item id="contact_name"><![CDATA[联系人姓名]]></item>
				<item id="contact_name_summary"><![CDATA[请如实填写您的姓名]]></item>
				<item id="contact_tel"><![CDATA[联系人电话]]></item>
				<item id="contact_tel_summary"><![CDATA[请填写手机]]></item>
				<item id="qq_summary"><![CDATA[请输入正确的QQ号码]]></item>
				<item id="errmsg"><![CDATA[抱歉,您的好贷云金融平台注册过程发生了一些问题,具体错误如下]]></item>
				<item id="hd_desc"><![CDATA[(DZAPP 好贷网官方扩展 For Discuz!平台)]]></item>
				<item id="install_succeed"><![CDATA[好贷云金融平台注册完成,正在跳转至完成界面.]]></item>
				<item id="curl_unsupported"><![CDATA[抱歉,您的安装环境不支持CURL组件,无法使用此插件,请至open.haodai.com手工申请并且使用html嵌入代码.]]></item>
				<item id="reg_header2"><![CDATA[已注册用户请填写下面的推广码信息]]></item>
				<item id="ref"><![CDATA[推广码]]></item>
				<item id="ref_summary"><![CDATA[请填写您在好贷云金融平台获取到的推广码，若您的推广链接为http://www.haodai.com/?ref=hd_1234,则您的推广代码为hd_1234]]></item>
				<item id="ifreg"><![CDATA[若初次安装本插件且没有好贷云金融平台账号，请点击【确定】，否则点击【取消】。]]></item>
				<item id="local_ban"><![CDATA[本地环境无法使用好贷云金融平台.]]></item>
				<item id="must_fill"><![CDATA[(必填)]]></item>
				<item id="not_fill"><![CDATA[您填写的资料不完整,请返回补充完整]]></item>
				<item id="psw_not_match"><![CDATA[您两次填写的密码不一致,请返回检查]]></item>
			</item>
		</item>
		<item id="installfile"><![CDATA[install.php]]></item>
		<item id="uninstallfile"><![CDATA[uninstall.php]]></item>
		<item id="upgradefile"><![CDATA[upgrade.php]]></item>
		<item id="license"><![CDATA[[list]
[*]本插件数据由好贷云金融平台提供，遵守好贷云金融平台服务协议，受法律保护。
[*]未经插件作者许可,任何人不得以任何形式在任何地方发布/转发原版以及其衍生的修改版.
[*][b]使用条款:[/b][url]http://yun.haodai.com/lianmeng/about/55680[/url]
[*][b]若继续安装并使用本产品,则默许您同意此条款.[/b]
[/list]]]></item>
	</item>
</root>
