<?xml version="1.0" encoding="ISO-8859-1"?>
<root>
	<item id="Title"><![CDATA[Discuz! Plugin]]></item>
	<item id="Data">
		<item id="plugin">
			<item id="available"><![CDATA[1]]></item>
			<item id="adminid"><![CDATA[1]]></item>
			<item id="name"><![CDATA[云验证码]]></item>
			<item id="identifier"><![CDATA[cloudcaptcha]]></item>
			<item id="description"><![CDATA[]]></item>
			<item id="datatables"><![CDATA[]]></item>
			<item id="directory"><![CDATA[cloudcaptcha/]]></item>
			<item id="copyright"><![CDATA[Comsenz Inc.]]></item>
			<item id="version"><![CDATA[1.0]]></item>
		</item>
		<item id="version"><![CDATA[X3.2]]></item>
		<item id="language">
			<item id="scriptlang">
				<item id="cloudcaptcha_name"><![CDATA[云验证码]]></item>
				<item id="switch_error"><![CDATA[您需要先开启其他云平台插件，才能使用本插件]]></item>
			</item>
		</item>
		<item id="enablefile"><![CDATA[switch.php]]></item>
	</item>
</root>