<?xml version="1.0" encoding="ISO-8859-1"?>
<root>
	<item id="Title"><![CDATA[Discuz! Plugin]]></item>
	<item id="Data">
		<item id="plugin">
			<item id="available"><![CDATA[0]]></item>
			<item id="adminid"><![CDATA[1]]></item>
			<item id="name"><![CDATA[电脑管家网址保镖]]></item>
			<item id="identifier"><![CDATA[pcmgr_url_safeguard]]></item>
			<item id="description"><![CDATA[]]></item>
			<item id="datatables"><![CDATA[]]></item>
			<item id="directory"><![CDATA[pcmgr_url_safeguard/]]></item>
			<item id="copyright"><![CDATA[Tencent]]></item>
			<item id="version"><![CDATA[1.1]]></item>
			<item id="__modules">
				<item id="0">
					<item id="name"><![CDATA[pcmgr_url_safeguard]]></item>
					<item id="menu"><![CDATA[]]></item>
					<item id="url"><![CDATA[]]></item>
					<item id="type"><![CDATA[11]]></item>
					<item id="adminid"><![CDATA[0]]></item>
					<item id="displayorder"><![CDATA[0]]></item>
					<item id="navtitle"><![CDATA[]]></item>
					<item id="navicon"><![CDATA[]]></item>
					<item id="navsubname"><![CDATA[]]></item>
					<item id="navsuburl"><![CDATA[]]></item>
				</item>
			</item>
		</item>
		<item id="version"><![CDATA[X3.2]]></item>
	</item>
</root>